,Tweets
267,"RT @olex_scherba: A #Ukraine girl selling cookies to help the army. Putin, you canâ€™t win here! @ukraine_world 

#StandWithUkraine #UkraineWâ€¦"
437,"Vai a scopare te stesso, Putin!
(Italian)

#RussiaInvadedUkraine #PutinWarCrimes #StopPutin #Ukraine"
983,RT @rogue_corq: Over 3.5 million Ukrainians left homeless due to Russian invasion https://t.co/CqBVPhYKcH #Ukraine
733,Ğ§Ğ’Ğš Ğ’Ğ°Ğ³Ğ½ĞµÑ€Ğ° Ğ·Ğ°Ğ²ĞµÑ€Ğ±Ğ¾Ğ²Ğ°Ğ»Ğ° Ğ±Ğ¾Ğ»ĞµĞµ 1000 Ñ€Ğ¾ÑÑĞ¸Ğ¹ÑĞºĞ¸Ñ… Ğ·Ğ°ĞºĞ»ÑÑ‡ĞµĞ½Ğ½Ñ‹Ñ… Ğ½Ğ° Ğ²Ğ¾Ğ¹Ğ½Ñƒ Ğ² Ğ£ĞºÑ€Ğ°Ğ¸Ğ½Ñƒ â€“ Ğ’ĞµÑ€ÑÑ‚ĞºĞ° https://t.co/3risrqJkhM #Russia #Ukraine
31,RT @UAWeapons: #Ukraine: The Ukrainian 80th Air Assault Brigade destroyed another Russian armoured vehicle (Claimed to be a BMP IFV) whichâ€¦
22,RT @marcgarlasco: My thoughts on the @amnesty report on #Ukraine. These are my personal thoughts and not affiliated with any of the orgs Iâ€¦
700,"RT @TV9Bharatvarsh: à¤…à¤¯à¥‹à¤§à¥à¤¯à¤¾ à¤®à¥‡à¤‚ à¤œà¤®à¥€à¤¨ à¤˜à¥‹à¤Ÿà¤¾à¤²à¥‡ à¤¸à¥‡ à¤œà¥à¤¡à¤¼à¥€ à¤¬à¤¡à¤¼à¥€ à¤–à¤¬à¤°
#WorldNews | #NitishKumar | #Bihar | #Bangladesh | #Sports |  #CWG2022 | #ISRâ€¦"
609,"@MahQaddoha #gazaunderattack
#IsraeliTerrorism 
#IsraeliCrimes 
#Ukraine"
448,RT @Louisalesandrin: Hier matin Ã  #Marseille atteinte Ã  la #libertÃ© d'expression lors du rassemblement de soutien Ã  lâ€™#Ukraine devant la maâ€¦
209,RT @WarintheFuture: 12/ If #Ukraine can address these shortfalls - and current battlefield trends continue - we may see a shift in the tactâ€¦
90,RT @PaulGARDE19: @RoyalSegolene On pourrait la nommer ambassadrice en #Ukraine. Elle y ferait autant de boulot qu'aux pÃ´les   mais pas sÃ»râ€¦
337,"Russiaâ€™s Looming Defeat in Ukraine by Simon Johnson 
ã‚µã‚¤ãƒ¢ãƒ³ãƒ»ã‚¸ãƒ§ãƒ³ã‚½ãƒ³ã«ã‚ˆã‚‹ã‚¦ã‚¯ãƒ©ã‚¤ãƒŠã§ã®ãƒ­ã‚·ã‚¢ã®è¿«ã‚Šæ¥ã‚‹æ•—åŒ—
#UkraineRussianWar #UkraineWarâ€¦ https://t.co/MD61ZNUhZj"
379,"RT @SMADESTEK_BEBEK: Sesimizi duyanlar ,duymayanlara lÃ¼tfen hatÄ±rlatsÄ±n ğŸ¤—@smayusufpolat zamanÄ±mÄ±z kalmadÄ± ğŸ¥²#Ukraine #PremierLeague #Ajax #Gâ€¦"
474,RT @artistinaspen: #Breaking #CPACTexas Dallas: President Trump wins straw poll before he addresses disaster at Southern border #Immigratioâ€¦
819,#BREAKING: Another video confirms killings of the pro-#Russian #POW s after their capture by the #Kiev #Nazis inâ€¦ https://t.co/fyOjplsyPp
503,"RT @photograshiori: ã‚¦ã‚¯ãƒ©ã‚¤ãƒŠã§èµ·ãã¦ã„ã‚‹æ€§æš´åŠ›ã€ãã—ã¦æˆ¦ç¦ã‹ã‚‰å­ã©ã‚‚ã‚’å®ˆã‚Šç”Ÿæ´»ã™ã‚‹ãŠæ¯ã•ã‚“é”ã«ãŠè©±ã‚’ä¼ºã„ã¾ã—ãŸã€‚ä»Šå¾Œã€å†™çœŸã¨å…±ã«ãŠä¼ãˆã—ã¦ã„ã‘ãŸã‚‰ã¨æ€ã„ã¾ã™ã€‚
https://t.co/6eeGTy1nPJ   #d4p #Ukraine https://â€¦"
588,"RT @36_lossi: With #Russiaâ€™s war against #Ukraine, the security threat in #Moldova is also questioned, with the previously considered frozeâ€¦"
2,"RT @MarkRid89403375: âš¡ï¸Zelensky staffer urges German chancellor to supply more modern weapons. 

Mykhailo Podolyak, an adviser to Zelensky'â€¦"
999,"RT @MrjDuclos: Au total, rÃ©fÃ©rences obligÃ©es au prÃ©sident @EmmanuelMacron et dÃ©fense des actions de la #France (aide Ã  lâ€™#Ukraine) mais ausâ€¦"
796,"ğŸ‡ºğŸ‡¦Ğ”ĞµÑĞ°Ğ½Ñ‚Ğ½Ğ¸ĞºĞ¸ Ğ¿Ğ¾ĞºĞ°Ğ·Ğ°Ğ»Ğ¸ Ğ²Ğ¸ĞºĞ¾Ñ€Ğ¸ÑÑ‚Ğ°Ğ½Ğ½Ñ Ğ±Ñ€Ğ¸Ñ‚Ğ°Ğ½ÑÑŒĞºĞ¸Ñ… Ğ³Ğ°ÑƒĞ±Ğ¸Ñ†ÑŒ L119

Ğ‘Ñ–Ğ¹Ñ†Ñ– Ğ´ĞµÑĞ°Ğ½Ñ‚Ğ½Ğ¾-ÑˆÑ‚ÑƒÑ€Ğ¼Ğ¾Ğ²Ğ¸Ñ… Ğ²Ñ–Ğ¹ÑÑŒĞº Ğ°ĞºÑ‚Ğ¸Ğ²Ğ½Ğ¾ Ğ²Ğ¸ĞºĞ¾Ñ€Ğ¸ÑÑ‚Ğ¾Ğ²ÑƒÑÑ‚ÑŒâ€¦ https://t.co/MaoIykwFdC"
563,"Ukraine's nuclear agency says Russian rockets have damaged part of a giant Russian-controlled nuclear power plant,â€¦ https://t.co/B9aZ9JyOwn"
15,"#UkraineRussianWare #PS5Share #Ukraine 

ã‚¦ã‚¯ãƒ©ã‚¤ãƒŠç‰¹æ®Šéƒ¨éšŠæ²»å®‰å½“å±€ç”ºå·¡å› https://t.co/x09FiCDGcQ"
377,"RT @UkraineNewsLive: ğŸ‡ºğŸ‡¦ğŸ’¥A shot from a 203-mm caliber cannon of the 2S7 ""Pion"" self-propelled guns of the 43rd artillery brigade of the Armeâ€¦"
620,"Collection - Mr. Majestic ğŸŒ±
Day 25ğŸ—“ï¸
0.39 #SOL

https://t.co/pLgepF5yVJ

#NFT #NFTs #NFTartist #cryptoartistâ€¦ https://t.co/QJVMBsemRx"
573,RT @MinisterBoomer: This morning your donations were delivered to the interim storage facility and will soon be on their way to the last miâ€¦
514,"The children of Gaza, their hair is not blond, and their eyes are not blue. #Ukraine"
184,RT @Ukraine66251776: Mykola Azarov Former Ukrainian Prime Minister reveals the truth behind the outright murder of Denis Kireev and many moâ€¦
771,"RT @YugBamBaby: à¸¡à¸­à¸šà¸‚à¸­à¸‡à¸‚à¸§à¸±à¸à¹ƒà¸«à¹‰à¸œà¸¹à¹‰à¸šà¸¸à¸à¸£à¸¸à¸

#à¸¢à¸¹à¹€à¸„à¸£à¸™ #à¸£à¸±à¸ªà¹€à¸‹à¸µà¸¢à¸¢à¸¹à¹€à¸„à¸£à¸™ #RussiaUkraine #à¸£à¸±à¸ªà¹€à¸‹à¸µà¸¢ #StopPutinNow #Ukraine #à¸¢à¸¹à¹€à¸„à¸£à¸™à¸£à¸±à¸ªà¹€à¸‹à¸µà¸¢ #StopWarInUkraâ€¦"
967,RT @huber_isabell: Die #SPD macht in diesen Tagen leider keine Schlagzeilen wegen guter Politik. Stattdessen wird die #Ukraine-UnterstÃ¼tzunâ€¦
1,"RT @spetsnagirl: Vaccinnation, labos clandestins, PÃ©docrimes Zelensky â€¦.
TOUT fini par sortir â€¦!
#Ukraine https://t.co/rZvWy9T0BS"
887,"RT @GeromanAT: #Ukraine - #Bakhmut 

https://t.co/6f9VGfApDU"
534,"RT @KYTKYTKYTKYTKYT: ÎŸ Vitaly Gur, Î±Î½Î±Ï€Î»Î·ÏÏ‰Ï„Î®Ï‚ ÎµÏ€Î¹ÎºÎµÏ†Î±Î»Î®Ï‚ Ï„Î·Ï‚ Î´Î¹Î¿Î¯ÎºÎ·ÏƒÎ·Ï‚ Ï„Î·Ï‚ Nova Kakhovka, Ï€Î¿Ï… Î´Î¿Î»Î¿Ï†Î¿Î½Î®Î¸Î·ÎºÎµ ÏƒÎ®Î¼ÎµÏÎ±, Ï€Î­Î¸Î±Î½Îµ ÏƒÏ„Î·Î½ ÎµÎ½Ï„Î±Ï„Î¹ÎºÎ®.â€¦"
5,RT @SamarDJarrah: Go back to sleep. This is #Gaza not #Ukraine https://t.co/SpIOuA8tFb
52,"RT @dorfman_p: Situation 'Grave' say International Atomic Energy Agency, who have never ever considered the key risk of military attack onâ€¦"
32,"RT @ViolavonCramon: 14 years ago today, #Russia launched a war against #Georgia. Back then, ğŸ‡·ğŸ‡º aggression went largely unpunished. We are nâ€¦"
500,RT @SAARTEXT: Die SaarbrÃ¼cker #Tafel hat einen vorlÃ¤ufigen Aufnahmestopp erlassen. Zahl der Kundinnen und Kunden seit Februar stark gestiegâ€¦
428,Lâ€™Ukraine cÃ©lÃ¨bre ses fermiers remorqueurs de chars russes avec un timbre #Ukraine #russie https://t.co/A7igEVGIcv
875,RT @CGMeifangZhang: The #US is nothing less than the worldâ€™s largest government-sanctioned arms dealer. With the enabling of the #Ukraine câ€¦
61,RT @nexta_tv: The 53rd Mechanized Brigade of #Ukraine published a video showing how it eliminates #Russian occupiers with Stugna-P missilesâ€¦
574,"#Ukraine 

""Incompetence, corruption"": 

A captive American mercenary shares his opinions after fighting for the Kiâ€¦ https://t.co/tmT4S1QYQi"
642,"RT @pransukh37: @WarMonitor3 @Janaczka Glory to the heroes ğŸ™
Glory to #Ukraine ğŸ˜ŠğŸ‡ºğŸ‡¦"
640,"@guardiannews #gazaunderattack
#IsraeliTerrorism 
#IsraeliCrimes 
#Ukraine"
79,"RT @dlang57500: Guerre en #Ukraine: Emmanuel Macron et Vladimir Poutine ont arrÃªtÃ© de s'appeler car la France est ""inamicale"", selon Moscouâ€¦"
729,"RT @Share_Talk: #Russiaâ€™s Gazprom said it was shipping 41.3 million cubic metres (mcm) of gas to #Europe via #Ukraine on Sunday, versus 41.â€¦"
7,RT @tincazzi: 14- a report without context that has seen the Ukrainian branch of the NGO protest and created disagreements in the Italian oâ€¦
684,"ã€Œæˆ¦ç«ã®æ”¾é€å±€ã€œã‚¦ã‚¯ãƒ©ã‚¤ãƒŠ è¨˜è€…ãŸã¡ã®é—˜ã„ã€œã€
8æœˆ7æ—¥(æ—¥)åˆå¾Œ9:00ã€€
https://t.co/fVlsytrA6Z
#UkraineRussianWar #UkraineWar
#Ukraine #Ukrainian https://t.co/NuVN1K5gEQ"
898,RT @MilaDiamond: More ğŸ‡·ğŸ‡º Officer-orcs bite the dust. #russianlosses #russiansolders #russianmothers #grandmothers #wives - where are yourâ€¦
210,RT @WelshAcadPress: In 1933 #GarethJones was the 1st journalist to expose Moscow's genocidal #Holodomor famine in #Ukraine - Stalin bannedâ€¦
287,"RT @Lloyd_cymru: Yesterday 3 more ships full of grain left Ukrainian port, they'll pass through the Bosphorus #Istanbul soon. #Ukraine offeâ€¦"
939,"@CPIUSA The theme of this pro-#Putin, anti-#Ukraine â€œsocialistâ€ gathering is â€œUnite against the imperialistsâ€.â€¦ https://t.co/0NZ8sk9ATc"
813,@colonelhomsi Utter bullshit! #stoprussia #ukraine https://t.co/LWeDfALJiO
197,RT @theSCAPAS: â€œThere are folks that talk about what needs to happenâ€”and then there are folks like Enrique &amp; the Vector team that do it. Ouâ€¦
766,Die Zeitschrift Kulturrevolution und das DISS-Journal mÃ¶chten mit einem gemeinsamen Sonderheft auf die (Kriegs-)Gefâ€¦ https://t.co/O8vzs7TAKV
268,"RT @HackingButLegal: This, out of #Ukraine, is 100% one of the most incredible videos I have ever seen.

This Russian POW has the heart ofâ€¦"
841,RT @EWil92376489: #Russia gathers allies... The hunt for #American MLRS #HIMARS in #Ukraine may soon be conducted by 46 #Iranian Shahed-129â€¦
117,RT @OlgaK2013: #Ukraine's daily horrors: A body of a person killed during the Russian occupation found in a technical well in #Berezivka neâ€¦
452,"RT @JohnBasham: REPORT: #Ukraine's @ZelenskyyUa Accuses @amnesty International Of Cozying Up To #Russia &amp; #Putin
https://t.co/hsWIkDcRTN"
21,"ÎŸ ÎµÏ€Î¹ÎºÎµÏ†Î±Î»Î®Ï‚ Ï„Î·Ï‚ CIA Î»Î­ÎµÎ¹ ÏŒÏ„Î¹ Î¿ Î Î¿ÏÏ„Î¹Î½ ÎµÎ¯Î½Î±Î¹ Â«Ï€Î¿Î»Ï Ï…Î³Î¹Î®Ï‚Â». Î¤Î¹ Ï€ÏÎ±Î³Î¼Î±Ï„Î¹ÎºÎ¬ Î³Î½Ï‰ÏÎ¯Î¶Î¿Ï…Î¼Îµ Î³Î¹Î± Ï„Î·Î½ ÎºÎ±Ï„Î¬ÏƒÏ„Î±ÏƒÎ® Ï„Î¿Ï…;

Î Î·Î³Î®:â€¦ https://t.co/J4x1FkjYTt"
623,"RT @KYTKYTKYTKYTKYT: H ÏƒÏ…Î½Î±Î»Î»Î±Î³Î±Î¼Ï„Î¹ÎºÎ® ""ÎºÎ±Ï„ÏÎ±ÎºÏÎ»Î±"" Ï„Î·Ï‚ ÎŸÏ…ÎºÏÎ±Î½Î¯Î±Ï‚ ÏƒÏ…Î½ÎµÏ‡Î¯Î¶ÎµÏ„Î±Î¹ Î±ÎºÎ±ÎºÎµÏ„Î·!

#ÎŸÏ…ÎºÏÎ±Î½Î¯Î± #UkraineRussiaWar #Ukraine #Ukrainian #Russâ€¦"
679,"RT @pierrepiccinin: Un Ã©niÃ¨me massacre dâ€™enfants, Ã  Gaza, assassinÃ©s par les frappes israÃ©liennes.
Lâ€™armÃ©e israÃ©lienne ne se contente pas,â€¦"
274,La #Russie a dÃ©cidÃ© de dÃ©truire tous les avions de chasse de l'#Ukraine. Un #SoukhoÃ¯ Su-25 ukrainien dÃ©truite hier.â€¦ https://t.co/67NPiust1T
874,"RT @claudarnaud: ""Les Ukrainiens ne sont pas des anges...""
 #Amnesty International dÃ©nonce l'utilisation par les forces Ukrainiennes d'hÃ´piâ€¦"
110,"RT @Arab_Intel: ğŸ‡·ğŸ‡º ğŸ‡ªğŸ‡¬ ğŸ‡µğŸ‡¸ | L'ambassade de #Russie en #Ã‰gypte : 

""L'Occident est extrÃªmement prÃ©occupÃ© par la situation en #Ukraine, mais nâ€¦"
570,ÎŸ Î‘Î¼ÎµÏÎ¹ÎºÎ±Î½ÏŒÏ‚ Î´Î¹Î¬ÏƒÎ·Î¼Î¿Ï‚ streamer Â«VaushÂ» Î¸Î­Î»ÎµÎ¹ Î½Î± Ï€ÎµÎ¸Î¬Î½ÎµÎ¹ Î±Ï€ÏŒ Ï„Î·Î½ Ï€ÎµÎ¯Î½Î± ÏŒÎ»Î¿Ï…Ï‚ Ï„Î¿Ï…Ï‚ Î¡ÏÏƒÎ¿Ï…Ï‚ Ï‰Ï‚ Î¼Î­ÏÎ¿Ï‚ Î¼Î¹Î±Ï‚ ÏƒÏ„ÏÎ±Ï„Î·Î³Î¹ÎºÎ®Ï‚ Î³â€¦ https://t.co/DjN57yJS82
8,"RT @UAWeapons: #Ukraine: A Ukrainian soldier firing a captured modern Russian RPO PDM-A ""Shmel-M"" rocket-assisted flamethrower at Russian pâ€¦"
96,"RT @BHL: The #Amnesty report on #Ukraine is not only despicable (as if we'd, in 1944, accused the Resistance of fighting in Paris) but alsoâ€¦"
346,"@marcgarlasco @DarthPutinKGB @amnesty THE ELEPHANTS IN THE ROOM:

1/ Russia shelling civilian areas indiscriminatelâ€¦ https://t.co/7BjeHRAVBO"
659,RT @heiditheblogger: Wir sehen das komplette Regierungsversagen. Der Staat hat sich Ã¼ber die letzten 2 Jahre selbst delegitimiert. Will derâ€¦
103,Ğ—ĞµĞ»ĞµĞ½ÑĞºĞ¸Ğ¹ ÑĞ¾Ğ·Ğ²Ğ¾Ğ½Ğ¸Ğ»ÑÑ Ñ Ğ³Ğ»Ğ°Ğ²Ğ¾Ğ¹ Ğ•Ğ²Ñ€Ğ¾ÑĞ¾Ğ²ĞµÑ‚Ğ°: Ğ¾ Ñ‡ĞµĞ¼ Ğ³Ğ¾Ğ²Ğ¾Ñ€Ğ¸Ğ»Ğ¸ https://t.co/QyrithhhN2 #ukraine
611,"RT @sarcasm475: This is not #ukraine
These are #Palestinian
#GazaUnderAttack https://t.co/o0bFnqMdcs"
632,"RT @Sylvia08905705: @dpatrikarakos @DailyMailUK Never forget. Never turn your back on #Ukraine ğŸ‡ºğŸ‡¦.
@RobertaMetsola @ManfredWeber @othmar_kaâ€¦"
94,"RT @GlasnostGone: The nightmare world of occupied #Ukraine. In Kherson city, the smoke from mobile incinerators fills the air - as Russia bâ€¦"
943,RT @IonMoraruDairy: there is a war in our country and we have made good reserves of strawâ€¦ ğŸŒ¾ my two sons È˜tefan and Titus already help me oâ€¦
767,RT @MarkRid89403375: BREAKING: journalists were able to identify the Russian butcher who castrated a Ukrainian soldier. The killer turned oâ€¦
116,"Content analysis:
This article scores 76/100. The complete report can be viewed here: https://t.co/GwSmdws4Gb
(I'mâ€¦ https://t.co/KseAmMqcBt"
966,"@_Kittypunk @SilkeLutz So vom Design eher etwas unmodern, diese #AKW in der #Ukraine :-)"
581,"RT @awwikanadi: Day 164.
Kim Jong Un has signaled to help Russia in the form of equipment assistance to build houses &amp; buildings. Includingâ€¦"
692,"RT @Lambsdorff: Da es den Wunsch nach einem direkten Link zum Paper der @Yale University Ã¼ber die #Russland-#Sanktionen gab, bitte gerne:â€¦"
262,"RT @JostikSepgu: #Ukraine #StandWithUkraine #russia #StopRussia  #russianWarCrimes
#ArmUkraineNow @UN #NATO @JoeBiden @Bundeskanzler @Emmanâ€¦"
888,Ğ— Ğ”Ğ½ĞµĞ¼ Ğ¿Ğ¾Ğ²Ñ–Ñ‚Ñ€ÑĞ½Ğ¸Ñ… ÑĞ¸Ğ» Ğ·Ğ±Ñ€Ğ¾Ğ¹Ğ½Ğ¸Ñ… ÑĞ¸Ğ» Ğ£ĞºÑ€Ğ°Ñ—Ğ½Ğ¸ #ÑĞ¾ĞºĞ¾Ğ»Ğ¸ÑƒĞºÑ€Ğ°Ñ—Ğ½Ğ¸ #Ğ·ÑÑƒ #Ğ¿ÑÑƒ #Ğ²Ğ¿Ñ #Ğ£ĞºÑ€Ğ°Ñ—Ğ½Ğ° #UkrainianArmy #ukraine https://t.co/od5gbMoQll
569,"@Louis_Allday #gazaunderattack
#IsraeliTerrorism 
#IsraeliCrimes 
#Ukraine"
62,5 lanzamientos de misiles y 5 impactos en objetivos aÃ©reos enemigos en el Ã¡rea del asentamiento.#Russia #Ukraine https://t.co/djpKNN5Ona
656,Very excited that cousin Jack has bought his ticket to come join me in #Ukraine just in time forâ€¦ https://t.co/7VtyWOhrh5
382,"Pojdi, Putin!
(Slovenian)

#RussiaInvadedUkraine #StopRussianAggression #StopPutin #Ukraine"
860,"RT @RobertMenardFR: Au contraire. Ces sanctions sont essentielles, d'un simple point de vue moral. Sinon on laisse les gouvernements criminâ€¦"
751,"7/8
ğŸ‡·ğŸ‡ºğŸ”¥
short tik-tok, an orc of Caucasian nationality beat his madam, she forgave him, and he took it and disposedâ€¦ https://t.co/EjXHZJuA9J"
4,RT @UAWeapons: #Ukraine: A very rare Russian BMO-T T-72-based APC was destroyed by Ukrainian forces. This is the second one to be lost in Uâ€¦
236,"RT @CanalDigitalN: ğŸ‡·ğŸ‡ºğŸ‡ºğŸ‡¦ | A pedido de Kiev, la justicia ucraniana ha ratificado la ilegalidad del Â«Partido ComunistaÂ» y de Â«Ucrania FelizÂ»,â€¦"
867,RT @ResistUA: #russia is preparing to hold referendums in the temporarily occupied territories of #Ukraine. This is a gross violation of inâ€¦
962,RT @youngdanax: ğŸ”¥ An incredibly beautiful video of the work of the Armed Forces of #Ukraine. May all the orcs burn in hell and Kreml to burâ€¦
237,"RT @BHL: Mon ami â¦@dpatrikarakosâ© a publiÃ©, dans â¦@unherdâ© et â¦@spectator,â© quelques uns des meilleurs reportages sur la guerre en #Ukraineâ€¦"
82,"Article Link: https://t.co/nxWkGlJexs 
Counterintelligence officers show how they kill Russian soldiers with dronesâ€¦ https://t.co/MOYAkmmiBd"
889,"RT @GeromanAT: #Ukraine - #Bakhmut
Current situation
RF / Allies pressing on the next defense lines - RF is in the outskirts of Bakhmut - bâ€¦"
880,"RT @kleensamsonite: #TrumpWorld 

SCOOP......!!!

La #France est Ã  court de canons automoteurs Caesar Ã  cause de l'#Ukraine.

 #Paris a livâ€¦"
425,"Guerre en Ukraine : Cinq civils tuÃ©s dans la rÃ©gion de Donetsk
#Ukraine #UkraineRussie #UkraineInvasion #Russieâ€¦ https://t.co/er3WjQVQpC"
565,RT @Sterling_OSEP: â€œWith the relentless anti-Russian war propaganda world public opinion is to be prepared for a far bigger war that threatâ€¦
291,"#WION:
#Russia accuses #US of '#Direct #Involvement'
in #Ukraine war â€¼ï¸
Moscow has now accused the United States ofâ€¦ https://t.co/2kJWxmThgq"
861,"RT @UAWeapons: #Ukraine: A drone of the 71st Jaeger Brigade dropping an improvised EFP munition on a Russian BMP-3 IFV.

The BMP-3 can be sâ€¦"
799,"RT @Dmytro_Bondar_: ğŸ‡·ğŸ‡º LOSSES. OFFICIAL
ğŸ†˜Help ğŸ‡ºğŸ‡¦ army now https://t.co/wL6WYalxnQ
ğŸ˜¡165th day of  #russianğŸ‡·ğŸ‡º #WAR in #Ukraine on 7.08.22
#Stâ€¦"
323,"We have replenished strategic stocks for continuous operation!
We purchased surgical instruments from companyâ€¦ https://t.co/Jc2FDtaeaN"
575,"RT @EHunterChristie: 1/5
Alright. This about wraps it up for #Scholz.
Now this is reported speech, not quotations, but the source is legitiâ€¦"
624,"RT @GlasnostGone: We've all waived goodbye to our grandparents. But few of us have done so thinking they may soon be killed. 

Escaping Rusâ€¦"
219,"The resumption of grain exports is being overseen by a Joint Coordination Centre (JCC) in Istanbul where Russian, Uâ€¦ https://t.co/tAuvXrMO5P"
725,"#Ukraine #Russland #UkraineRussianWar #Ukrainekrieg #Russia 

.

FÃ¼r den Krieg in der Ukraine: Nordkorea will Putinâ€¦ https://t.co/t57uGM6k6i"
386,"RT @mil_in_ua: ğŸ‡ºğŸ‡¦Ğ”ĞµÑĞ°Ğ½Ñ‚Ğ½Ğ¸ĞºĞ¸ Ğ¿Ğ¾ĞºĞ°Ğ·Ğ°Ğ»Ğ¸ Ğ²Ğ¸ĞºĞ¾Ñ€Ğ¸ÑÑ‚Ğ°Ğ½Ğ½Ñ Ğ±Ñ€Ğ¸Ñ‚Ğ°Ğ½ÑÑŒĞºĞ¸Ñ… Ğ³Ğ°ÑƒĞ±Ğ¸Ñ†ÑŒ L119

Ğ‘Ñ–Ğ¹Ñ†Ñ– Ğ´ĞµÑĞ°Ğ½Ñ‚Ğ½Ğ¾-ÑˆÑ‚ÑƒÑ€Ğ¼Ğ¾Ğ²Ğ¸Ñ… Ğ²Ñ–Ğ¹ÑÑŒĞº Ğ°ĞºÑ‚Ğ¸Ğ²Ğ½Ğ¾ Ğ²Ğ¸ĞºĞ¾Ñ€Ğ¸ÑÑ‚Ğ¾Ğ²ÑƒÑÑ‚ÑŒ Ğ·Ğ°Ñ…Ñ–Ğ´Ğ½Ğµâ€¦"
135,RT @LCI: #Ukraine : le rÃ©acteur d'une centrale nuclÃ©aire Ã  l'arrÃªt aprÃ¨s des frappes https://t.co/KbLA3PfzNU https://t.co/akgAJBlfie
277,"@hahnflo Schwere Waffen, damit Ukrainer weiter schwere Wagen fahren kÃ¶nnen .. wie diesen im Berliner Regierungsvierâ€¦ https://t.co/OLL0b7tXf4"
592,"@Pal_action #gazaunderattack
#IsraeliTerrorism 
#IsraeliCrimes 
#Ukraine"
798,"RT @GlasnostGone: UN's nuclear watchdog called for immediate end to military action near #Ukraine's #Zaporizhzhia nuclear plant, warning ofâ€¦"
12,"RT @UAWeapons: #Ukraine: Ukrainian forces rebuffed an attempted Russian probe in the East in recent days, with a BMP/MT-LB armoured vehicleâ€¦"
108,"RT @MrKovalenko: On August 6, the #Ukrainian Armed Forces destroyed on the occupied south of #Ukraine 4 Russian anti-air launchers S-300 (aâ€¦"
194,"RT @ardenomerecanol: EÄŸer sayfamÄ±z 2500 takipÃ§iye ulaÅŸÄ±rsa, bir gÃ¶nÃ¼llÃ¼mÃ¼zden 3000TL baÄŸÄ±ÅŸ ALIYORUUZ ğŸ“£ğŸ“£ğŸ“£ SayfamÄ±zÄ± takibe alarak Arden'imizâ€¦"
467,"Situation 'Grave' say International Atomic Energy Agency, who have never ever considered the key risk of military aâ€¦ https://t.co/SXdo3ZAppM"
370,Izyum direction burnt Russian BMP-2 Orcs.#Ukraine #UkraineWar https://t.co/c571vmPs1D
44,"RT @Ukraine66251776: North Korea wants to test its attack drones in #Ukraine - have offered 100000 troops and equipment to Russia 
#Ukraineâ€¦"
320,"#Sweden to train #Ukrainian soldiers in the #UK. ""The purpose is to help #Ukraine maintain and strengthen its defenâ€¦ https://t.co/OIGWRdBxC3"
98,"#Mykolaiv and Roman Poetry
https://t.co/fYpWnDTBJj

#kallipolis
#ukraine #UkraineWarNews #UkraineRussianWar"
233,@marcgarlasco @DarthPutinKGB @amnesty 3/ Russia has said many times it is NOT targeting civilian areas.  By accusinâ€¦ https://t.co/Mcy7NcuhK6
595,"RT @awwikanadi: Day 41.
April 06.  12:48 AM (local time)
The atrocities of the Azov Neo-NAZI army, have been committed SINCE 2014, but areâ€¦"
390,"Ğ” 455,

Ğ’ÑÑ–Ğ¼ Ñ–Ğ½Ğ¾Ğ·ĞµĞ¼Ñ†ÑĞ¼, ÑĞºÑ– Ğ±Ğ°Ğ¶Ğ°ÑÑ‚ÑŒ Ğ²Ñ–Ğ´Ğ²Ñ–Ğ´Ğ°Ñ‚Ğ¸ Ğ„Ğ³Ğ¸Ğ¿ĞµÑ‚, Ğ¾ÑĞ¾Ğ±Ğ»Ğ¸Ğ²Ğ¾ Ğ¶Ñ–Ğ½ĞºĞ°Ğ¼.

Ğ‘ÑƒĞ´ÑŒ Ğ»Ğ°ÑĞºĞ°, Ğ½Ğµ Ğ¿Ñ€Ğ¸Ñ—Ğ¶Ğ´Ğ¶Ğ°Ğ¹Ñ‚Ğµ Ğ´Ğ¾ Ğ„Ğ³Ğ¸Ğ¿Ñ‚Ñƒ.

Ğ£ Ğ½Ğ°â€¦ https://t.co/1EgNbUznyK"
530,"à¹€à¸£à¸²à¸ à¸¹à¸¡à¸´à¹ƒà¸ˆà¸à¸±à¸šà¸—à¸¸à¸à¸„à¸™à¸—à¸µà¹ˆà¸•à¹ˆà¸­à¸ªà¸¹à¹‰à¹ƒà¸™à¸à¸­à¸‡à¸—à¸±à¸à¸­à¸²à¸à¸²à¸¨à¸‚à¸­à¸‡à¸¢à¸¹à¹€à¸„à¸£à¸™!  à¸‚à¸­à¸‚à¸­à¸šà¸„à¸¸à¸“à¸—à¸µà¹ˆà¸›à¸à¸›à¹‰à¸­à¸‡à¸—à¹‰à¸­à¸‡à¸Ÿà¹‰à¸²à¸‚à¸­à¸‡à¹€à¸£à¸²à¸­à¸¢à¹ˆà¸²à¸‡à¸™à¹ˆà¸²à¹€à¸Šà¸·à¹ˆà¸­à¸–à¸·à¸­!

(2/2) #à¸¢à¸¹à¹€à¸„à¸£à¸™â€¦ https://t.co/MVnn95QPgH"
405,"CIA Openly Admits in Mainstream Media Theyâ€™ve Been Training Ukrainians to Fight #Russia Since 2015.

#Ukraine 

https://t.co/BgHOqmBcg1"
0,"RT @TWMCLtd: The dangers facing #Ukraine's farmers are manifold.

Recently we saw tractors battling to harvest before flames engulfed the câ€¦"
969,RT @KuB_Berlin: regulars will already know: every sunday there is a community-powered meet-up directed at Black people and other people ofâ€¦
198,"RT @PatriotsDZ: Nous vivons dans un monde de salops ! Le monde ""libre"" s'est insurgÃ© contre la guerre en #Ukraine, mais lorsqu'il s'agit deâ€¦"
457,"RT @philippepoustis: #UkraineRussiaWar 165Ã¨me jour d'une invasion russe en #Ukraine qui n'en finit pas ğŸ’” 

ğŸ’™ğŸ’› #StandWithUkraine ğŸ‡ºğŸ‡¦ https://â€¦"
328,"RT @WarintheFuture: 8/ Concurrently, the Ukrainians have been conducting a rolling series of small-scale counter attacks across the south.â€¦"
951,"RT @ukraineforum: AKW Saporischschja unter Beschuss, Raketeneinschlag nahe Trockenlager mit abgebrannten Kernbrennstoffen - Energoatom: Dasâ€¦"
238,"RT @wimocean: Et donc,@GabrielAttal avoue que la #France n'a pas respectÃ© les accords de #Minsk depuis 2014 et fourni des armes en grosse qâ€¦"
81,RT @peter34952: The #NAFO playbook. Promoting the censoring of truth tellers under the guise of countering disinformation. #Ukraine #Russiaâ€¦
980,"RT @Militarylandnet: âœï¸Russian Invasion - Day 164 | Summary of the situation + detailed maps. 
#UkraineRussiaWar #Ukraine #maps 
Availableâ€¦"
40,"RT @olex_scherba: Hey @amnesty, donâ€™t play the â€œBoth sidesâ€ game on #Ukraine. There is no â€œboth sidesâ€ in murder, rape, torture. Ukraine deâ€¦"
249,RT @Saraswa59879062: BlÃ¼ht uns das auch demnÃ¤chst?#Volksenteignung #GreatReset #Ukraine #truthbook https://t.co/ue0lavSUf2
523,"RT @RothesayTownCat: Pals!

Help Miss Dasha 
name tha kitties!
ğŸ’™ğŸ¾ğŸ’™

#CatsOfTwitter 
#SlavaUkraini 
#Ukraine 
#OdessaMonasterycats 
#OdessaCâ€¦"
224,"ğŸ˜€

Roger Waters schools a #CNN ""journalist"" on #Ukraine &amp; #Taiwan. https://t.co/44HvPM8V0h"
151,"Ğ Ğ¤ Ğ½Ğ°Ğ¼ĞµÑ€ĞµĞ½Ğ° Ğ·Ğ°Ğ¼Ğ¾Ñ€Ğ¾Ğ·Ğ¸Ñ‚ÑŒ Ğ²Ğ¾Ğ¹Ğ½Ñƒ Ğ½Ğ° Ğ¿Ğ¾Ğ»Ğ³Ğ¾Ğ´Ğ° - ĞŸĞ¾Ğ´Ğ¾Ğ»ÑĞº

Ğ˜ÑÑ‚Ğ¾Ñ‡Ğ½Ğ¸Ğº: 
https://t.co/FX6OsYnBLS 

Ğ¥ÑÑˆÑ‚ĞµĞ³Ğ¸:
#COVID #IT #ĞĞ¾Ğ²Ğ¸Ğ½Ğ¸â€¦ https://t.co/lBxC222HUn"
51,"RT @walter_report: A recon unit of #Sumy partisans with TDF element and under ğŸ‡ºğŸ‡¦special forces guidance, performs reconnaissance behind eneâ€¦"
742,"When #Russia was killing 600.000 people in #Syria. #China, #Iran and #North #Korea where there supporting Russia. Tâ€¦ https://t.co/RqguDOwzwf"
715,"RT @alex_sols: #Ukraine ĞĞ´Ğ¼Ñ–Ğ½Ñ–ÑÑ‚Ñ€Ğ°Ñ†Ñ–Ñ Ğ‘Ğ°Ğ¹Ğ´ĞµĞ½Ğ° Ğ¾Ğ³Ğ¾Ğ»Ğ¾ÑĞ¸Ñ‚ÑŒ Ğ¿Ñ€Ğ¾ Ñ‰Ğµ Ğ¾Ğ´Ğ¸Ğ½ Ğ¿Ğ°ĞºĞµÑ‚ Ğ´Ğ¾Ğ¿Ğ¾Ğ¼Ğ¾Ğ³Ğ¸ Ğ´Ğ»Ñ Ğ£ĞºÑ€Ğ°Ñ—Ğ½Ğ¸ Ğ½Ğ° 1 Ğ¼Ñ–Ğ»ÑŒÑÑ€Ğ´ Ğ´Ğ¾Ğ»Ğ°Ñ€Ñ–Ğ² â€” Reuters
Ğ¡Ğ¨Ğ Ğ¿Ğ»Ğ°Ğ½ÑƒÑ” Ğ¿Ğµâ€¦"
111,"RT @BalkanInsight: â€œMaintaining peace in the #Balkans is critical to European security, especially as #Putin grows more desperate in #Ukraiâ€¦"
102,RT @Arslon_Xudosi: #Ukraine: Ukrainian group CRAF UA repainted a captured Gaz Tigr IMV. It will now serve Ukrainian forces in combat. httpsâ€¦
837,If you're curious about the truth and want to see the absolute state of the media watch RODGER WATERS school CNN onâ€¦ https://t.co/eiQkwA1d1c
299,"Enemy explosives found in houses, playgrounds in de-occupied Kherson Region https://t.co/JJUKfn8m5D #Ukraine"
269,"RT @KYTKYTKYTKYTKYT: Î¤Î± ÎµÎ³ÎºÎ»Î®Î¼Î±Ï„Î± ÏƒÏ„Î·Î½ ÎŸÏ…ÎºÏÎ±Î½Î¯Î± ÏƒÏ…ÏƒÏƒÏ‰ÏÎµÏÎ¿Î½Ï„Î±Î¹
Î‘Î»Ï„ÏƒÎ­Ï†ÏƒÎº, Î›Î±ÏŠÎºÎ® Î”Î·Î¼Î¿ÎºÏÎ±Ï„Î¯Î± Ï„Î¿Ï… Î›Î¿Ï…Ï‡Î¬Î½ÏƒÎº, Ï€Î¿Î»Î¹Ï„Î¹ÎºÎ¬ ÎºÏ„Î¯ÏÎ¹Î± Ï€Î¿Ï… Î²Î¿Î¼Î²Î±ÏÎ´Î¯Î¶Î¿Î½Ï„Î±Î¹.â€¦"
909,"RT @Chronikfr: - Du tri des rÃ©fugiÃ©s en fonction de leur origine Ã  la condamnation des bombardements des civils, un mÃªme discours universalâ€¦"
421,Dobroj rano! Here's another amazing video supporting #Ukraine and #Ukrainian #literature from @KirkLawrence. This oâ€¦ https://t.co/t32oHLeyve
332,"RT @Zack_Ferum: @SergiyKyslytsya i was in Kyiv when #russia began the war: hundreds of sleeper agents activated, diversion groups began actâ€¦"
809,Keep those arms coming #Washington. #Russia just destroyed the last 45 tonnes you sent to #Ukraine. Don't fight a mâ€¦ https://t.co/ZUE6j9BHpX
235,#Gaza is brutally under attack by #Israel. @unitednations please wake up and help #palestine. Why #ukraine lives maâ€¦ https://t.co/mgXrxDDEyf
723,RT @berdynskykh_k: Kyiv. Day 165 ğŸ‘ŠğŸ‡ºğŸ‡¦ #Ukraine
341,Look up these names! All the important #Nazis after WW2 were adopted by the US and then continued their hatred andâ€¦ https://t.co/JpN064ZVEP
45,"#Russian from #Buch #Ukraine finds out truth...

Risks being sentenced with up to ""10 years"" in jail under #Putin'sâ€¦ https://t.co/d0cHmznzKM"
68,RT @elieguckert: #Ukraine : Une vidÃ©o tournÃ©e fin juillet montre une tÃªte - probablement celle d'un soldat ukrainien - plantÃ©e sur une piquâ€¦
578,"@abierkhatib #gazaunderattack
#IsraeliTerrorism 
#IsraeliCrimes 
#Ukraine"
206,ĞĞ´ĞµÑÑĞºĞ°Ñ Ğ¶Ğ¸Ğ·Ğ½ÑŒ â†’ ĞĞ°Ğ²Ğ¾Ğ´Ğ¸Ğ»Ğ¸ Ñ€Ğ°ĞºĞµÑ‚Ñ‹ Ğ¸ Ğ°Ñ€Ñ‚Ğ¸Ğ»Ğ»ĞµÑ€Ğ¸Ñ Ğ½Ğ° Ğ¾Ğ´ĞµÑÑĞºĞ¸Ñ… Ñ€ĞµĞ·ĞµÑ€Ğ²Ğ¸ÑÑ‚Ğ¾Ğ²: Ğ·Ğ°Ğ´ĞµÑ€Ğ¶Ğ°Ğ½Ñ‹ Ğ°Ğ³ĞµĞ½Ñ‚Ñ‹ Ñ„ÑĞ± https://t.co/giXwv2cOgVâ€¦ https://t.co/o3qJ379TxG
158,RT @PatriotsDZ: CommuniquÃ© hypocrite : le rapport de force nâ€™est pas Ã©quilibrÃ© et vous le savez. Ce communiquÃ© est un blanc-seing pour la pâ€¦
637,"Ğ¡Ñ‚Ğ¾Ğ»Ñ‚ĞµĞ½Ğ±ĞµÑ€Ğ³ Ğ¿Ñ€ÑĞ¼Ğ¾ Ğ³Ğ¾Ğ²Ğ¾Ñ€Ğ¸Ñ‚: 

Â«Ğ¯ Ğ½Ğ°ÑÑ‚Ğ°Ğ¸Ğ²Ğ°Ñ, ĞĞĞ¢Ğ Ğ½Ğ°ÑÑ‚Ğ°Ğ¸Ğ²Ğ°ĞµÑ‚, Ñ€ĞµÑˆĞ¸Ñ‚ĞµĞ»ÑŒĞ½Ğ¾ Ğ´Ğ»Ñ Ğ±Ğ¾Ğ»ÑŒÑˆĞµĞ¹ Ğ¿Ğ¾Ğ´Ğ´ĞµÑ€Ğ¶ĞºĞ¸ Ğ½ÑƒĞ¶ĞµĞ½ Ğ¿Ğ¾ÑÑ‚Ğ¾ÑĞ½Ğ½Ñ‹Ğ¹ Ğ¿Ğ¾Ñ‚Ğ¾Ğºâ€¦ https://t.co/hxdhsJ9Dhz"
459,"RT @nickreeves9876: #Ukraine @lukeharding1968's interview with Anna Vorosheva who spent 100 days in #Olenivka, the Donetsk prison where dozâ€¦"
601,"Russian soldier captured by Ukrainian forces ğŸ‘Š
#Russian #Rusia #Ukraine #ukraina #UkraineWar  #UkraineRussiaWar https://t.co/K5Zuq12d2e"
816,RT @Elias_Haddad48: #Ukraine  #ØºØ²Ø©_ØªØ­Øª_Ø§Ù„Ù‚ØµÙ
722,@Tagesspiegel #juliaFriedrich hat Problemeâ€¦?! Interessiert das die WeltbevÃ¶lkerung? #Ukraine #Veteranin
414,#Ukraine: Ukrainian group CRAF UA repainted a captured Gaz Tigr IMV. It will now serve Ukrainian forces in combat. https://t.co/zJwsVfsMoh
537,Communist @Russia Military is suffering ğŸ˜ #Ukraine Airforce is ğŸ˜ğŸ’ªâ¤ï¸ The World is against #Russia ğŸ˜ - Guilty of Crimâ€¦ https://t.co/vh3zaM0gjl
930,"RT @ot_ford: @CPIUSA The theme of this pro-#Putin, anti-#Ukraine â€œsocialistâ€ gathering is â€œUnite against the imperialistsâ€.
#imperialism
htâ€¦"
87,RT @edgarsrinkevics: 14 years ago #Russia began the war against #Georgia. If the aggression was stopped by the international community thenâ€¦
230,"RT @GeromanAT: #Ukraine SE Ugledar (Vuhledar Pavlivka axis)
RF / Allies resumed their offensive operations there - I'm not sure if that isâ€¦"
18,RT @UAWeapons: #Ukraine: The Security Service of Ukraine along with the 112nd Territorial Defense Brigade continue drone terror - at leastâ€¦
27,RT @GlasnostGone: Russia has many useful idiots. Many crawl out of the woodwork and happily sell their black souls to Putin. And then thereâ€¦
883,"RT @GeromanAT: #Ukraine #Kherson
RF / Allies trying to clear up the bulge created by AFU during their river crossings 
RF has also startedâ€¦"
587,"RT @odessacats: It's Black Friday at the shelter - we are inviting people to adopt a black catğŸˆâ€â¬›ğŸ¾, because there are so many of them and tâ€¦"
161,RT @iaeaorg: IAEA Chief @RafaelMGrossi's statement expresses alarm over shelling at Ukraineâ€™s #Zaporizhzya nuclear plant. Info received byâ€¦
319,How ironic. The man who cowrote The Wall. #PinkFloyd #Ukraine #UkraineRussianWar https://t.co/vTHOPZ3OUc
146,"The Jesuit response to the crisis in #Ukraine is based on social interaction, inclusion, and #integration.

Learn mâ€¦ https://t.co/WXlWtwaFlG"
156,"RT @KyivPost: #Sweden to train #Ukrainian soldiers in the #UK. ""The purpose is to help #Ukraine maintain and strengthen its defense,"" the gâ€¦"
907,"@Telmaa1996 You can watch those reports from anywhere in the world, even places where entire countries have been ceâ€¦ https://t.co/kjzVSlRRDC"
75,"RT @Lyttekanal: @visegrad24 And let me guess. That country have possibly never contributed financially to the EU. 

And therefore should beâ€¦"
113,"ĞÑ‡ĞµÑ€ĞµĞ´Ğ½Ğ¾Ğ¹ Ğ²Ğ¾ĞµĞ½Ğ½Ğ¾Ğ¿Ğ»ĞµĞ½Ğ½Ñ‹Ğ¹, Ğ²Ğ·ÑÑ‚Ñ‹Ğ¹ Ğ½Ğ°ÑˆĞ¸Ğ¼Ğ¸ Ñ€ĞµĞ±ÑÑ‚Ğ°Ğ¼Ğ¸. 

Ğ˜ Ğ¾Ñ‡ĞµÑ€ĞµĞ´Ğ½Ğ¾Ğµ Ğ¿Ğ¾Ğ´Ñ‚Ğ²ĞµÑ€Ğ¶Ğ´ĞµĞ½Ğ¸Ğµ Ñ‚Ğ¾Ğ³Ğ¾, Ñ‡Ñ‚Ğ¾ Ğ¿Ğ¾ÑÑ‚Ğ°Ğ²Ğ»ĞµĞ½Ğ½Ñ‹Ğ¼ Ğ·Ğ°Ğ¿Ğ°Ğ´Ğ½Ñ‹Ğ¼ Ğ²Ğ¾Ğ¾Ñ€ÑƒĞ¶â€¦ https://t.co/NIeu5RjnH5"
902,"RT @desatura: Will all of the World banned or Condemn Israel? like they do to Russia?

 #PutinWarCriminal #ZelenskyWarCriminal #RussiaUkraiâ€¦"
258,"RT @GlasnostGone: The Russian reality is, they'll have been paid a few extra rubles to make this pitiful propaganda video. Then they'll getâ€¦"
525,"Day 164. Yes, extraordinary act of barbarity have been tolerated this long by so many of the worldsâ€™s countries, foâ€¦ https://t.co/Hur6r7MStF"
260,"GÃ¥ FUCK sjÃ¤lv, Putin!
(Swedish)

#Ukraine #PutinsWar #FuckPutin #RussianWarCrimes"
329,RT @BHL: Accusing #Ukraine of operating in civil zones? Itâ€™s like accusing the French resistance of fighting in the streets of Paris in Augâ€¦
988,"@kiraincongress good luck ğŸ‘ğŸŒ·
#StandWithUkraine  #Ukraine"
489,"RT @UkraineNewsLive: ğŸ‡ºğŸ‡¦ğŸ’¥Gifts from the Armed Forces

 6-8 ammo manual PTG
#Ukraine #UkraineWar #UkrainianArmy #UkraineRussiaWar #UkraineWilâ€¦"
458,"RT @eslemanabayy: dear #Africans
Most African countries are getting #wheat and #maize from war-torn #Ukraine yet we have large swathes of aâ€¦"
957,"â—ï¸ğŸ‡ºğŸ‡¦ĞĞ±Ñ€Ğ°Ñ‰ĞµĞ½Ğ¸Ğµ Ğ¼Ğ°Ñ‚ĞµÑ€ĞµĞ¹ Ğ¸ Ğ¶ĞµĞ½ ÑƒĞºÑ€Ğ¾Ğ²Ğ¾Ğ¸Ğ½Ğ¾Ğ² 56-Ğ¾Ğ¹ Ğ¾Ñ‚Ğ´ĞµĞ»ÑŒĞ½Ğ¾Ğ¹ Ğ¼Ğ¾Ñ‚Ğ¾Ğ¿ĞµÑ…Ğ¾Ñ‚Ğ½Ğ¾Ğ¹ Ğ±Ñ€Ğ¸Ğ³Ğ°Ğ´Ñ‹ Ğº Ğ—ĞµĞ»Ğµ, Ñ Ñ‚Ñ€ĞµĞ±Ğ¾Ğ²Ğ°Ğ½Ğ¸ĞµĞ¼ Ğ²ĞµÑ€Ğ½ÑƒÑ‚ÑŒ Ğ¸Ñ… ÑÑ‹Ğ½Ğ¾Ğ²Ğµâ€¦ https://t.co/cl57JpkBCO"
981,"I have noticed a pattern when it comes to pro #Ukraine #shills, #trolls. #FAKE ğŸ‡ºğŸ‡¦ accounts on Twitter and FB have pâ€¦ https://t.co/MEDH3iPXK7"
270,RT @ForsvarsdepSv: Minister for #Defence Peter Hultqvist and @SwedishPM: The Swedish Armed Forces will send instructors to the UK to give Uâ€¦
934,"RT @ChrishaModis: Inspirational powerful .... Falling Angels!
#Trending #goodmorning #music #Musica #India #Ukraine #love #Russia @AppleMusâ€¦"
615,"RT @roemerwolf: @Gerard1945X @geertwilderspvv @JoostNiemoller De ""vluchtelingen"" v #Ukraine komen uit t noorden dus helemaal niet uit een oâ€¦"
686,"RT @jdoeschner: Reminder!

#Atomkraft #Ukraine #Saporischschja"
39,"@rida_ehab #Ukraine
#NaziUkraine https://t.co/OqDAJGKKOO"
820,RT @MahuiChina: Useful thread for understand a bit of second world histroy and #Ukraine crisis and the situation in the Taiwan Street folloâ€¦
780,"RT @DABornhoeft: Hej @amnesty_de @amnesty - wie kommentiert Ihr es,wenn russisches MilitÃ¤r HÃ¤nde und KÃ¶pfe von ukrainischen Kriegsgefangeneâ€¦"
732,"RT @ruscrimes24: Military counter-intelligence officers of the Security Service of #Ukraine continue to ""demilitarize"" the occupiers with sâ€¦"
223,"RT @AnarchoTerran: I had been on a bus Friday in #Cagliari, #Sardinia wearing my ""Ukraine"" hat. A woman was staring at me with daggers in hâ€¦"
353,"RT @haintz_markus: #Ukraine #Selenskyj #Korruption
Die NYT berichtet, wie die Biden-Administration begann, Selenskyj aufgrund von Korruptioâ€¦"
764,RT @SWagenknecht: #Ukraine: Warum schweigt BuReg zu #Amnesty-Bericht? MutmaÃŸliche Kriegsverbrechen gibt es leider auf beiden Seiten. Amnestâ€¦
994,RT @nexta_tv: #Russian losses according to the General Staff of the Armed Forces of #Ukraine. https://t.co/BvRP9ieM74
205,"ÎŸÎ¹ ÎºÎ¬Ï„Î¿Î¹ÎºÎ¿Î¹ Ï„Î·Ï‚ Î Î¿Ï€Î¬ÏƒÎ½Î±Î³Î¹Î± Ï€ÎµÏÎ¹Î­Î³ÏÎ±ÏˆÎ±Î½ Ï„Î· ÏƒÏ„Î¬ÏƒÎ· Ï„Ï‰Î½ ÎŸÏ…ÎºÏÎ±Î½ÏÎ½ ÏƒÏ„ÏÎ±Ï„Î¹Ï‰Ï„ÏÎ½ Î±Ï€Î­Î½Î±Î½Ï„Î¹ ÏƒÏ„Î¿Î½ Î¬Î¼Î±Ï‡Î¿ Ï€Î»Î·Î¸Ï…ÏƒÎ¼ÏŒ:
Î‘Ï€ÎµÎ¯Î»Î·ÏƒÎ±Î½ Ï„Î¿Ï…â€¦ https://t.co/5D1uXvD5V3"
132,@iaeaorg @rafaelmgrossi @UN @antonioguterres #Ukraine has been calling for the close attention of international comâ€¦ https://t.co/pYHgJEoCLM
91,"ÎŸÎ¹ Î±Î¹Ï‡Î¼Î¬Î»Ï‰Ï„Î¿Î¹ Ï„Î·Ï‚ ÎŸÏ…ÎºÏÎ±Î½Î¯Î±Ï‚ ""ÎºÎ±Ï„Î±Î´Î¹ÎºÎ¬Î¶Î¿Ï…Î½"" Ï„Î± Î½Î±Î¶Î¹ÏƒÏ„Î¹ÎºÎ¬ Ï„Î±Ï„Î¿Ï…Î¬Î¶ Ï„Î¿Ï…Ï‚ - ""Î³Î¹Î±Ï„Î¯ Ï€Î»Î­Î¿Î½ ÎµÎ¯Î½Î±Î¹ Ï€Î±ÏÎµÎ»Î¸ÏŒÎ½!
Î Î¿Î»Ï Î±ÏÎ³Î¬ Î³Î¹Î± Ïƒâ€¦ https://t.co/uRLjTNhKf5"
652,"à¦¨à¦¿à¦œà§‡à¦•à§‡ à¦¯à§Œà¦¨à¦¸à¦™à§à¦—à¦®, à¦ªà§à¦¤à¦¿à¦¨!
(Bengali)

#Ukraine #UkraineUnderAttack #StopRussianAggression #IStandWithUkraine"
926,"RT @JuliuszSabak: Tamara #Lempicka w dzielach mniej znanych ale znowu dziÅ› aktualnych. Obrazy ""UchodÅºcy"" i ""Ucieczka czyli gdzieÅ› w Europieâ€¦"
276,"A Russian give #Ukraine supporters advise, there no end to #Russian arrogance and ignorance https://t.co/u0NDvDV1h6"
758,"RT @Circonscripti18: Ceux qui doutent des objectifs guerriers de #Washington ğŸ‡ºğŸ‡¸
SecrÃ©t.GÃ©nÃ©ral #OTAN, Stoltenberg : ""J'insiste, l'OTAN insiâ€¦"
586,RT @EFDavies: Deep breath. I have finally taken the time to read some of the newer reports on #Russia's atrocities &amp; war crimes in #Ukraineâ€¦
482,RT @UAWeapons: #Ukraine: The catastrophic explosion of a Russian tank (reportedly a T-90) again due to internal ammo detonation. https://t.â€¦
633,"RT @JacquesFrre2: âš ï¸#Ukraine - Front Sud
â–¶ï¸BTG 7e div.VDV + WagnerğŸ‡·ğŸ‡º seraient entrÃ©s dans Blagodatnoye
â–¶ï¸Partizanskoye au Nord : sous les fâ€¦"
759,"Eurovision 2023 - Malta
https://t.co/wmIvWSs6gh
#Eurovision2023 #EBU #ESC #Eurovision #EurovisionNews #Englandâ€¦ https://t.co/Vb198Tjr7x"
112,RT @CatherineAdenle: Getting books to Ukraineâ€™s displaced children. Elsevier employees are working with Ukrainian publishers to get books pâ€¦
167,"RT @VaticanNews: Pope Francis expresses his satisfaction that grain ships have been allowed to leave Ukrainian ports, saying the deal offerâ€¦"
272,#Russia's nuclear terror requires a more decisive response - #Zelenskyi told Michel about the situation at the ZNPPâ€¦ https://t.co/IT2pHOntml
439,RT @LithuaniaMFA: ğŸ‡±ğŸ‡¹stands in firm support of ğŸ‡¬ğŸ‡ª territorial integrity and sovereignty. 14y ago #Russia invaded #Georgia. The aggression shâ€¦
89,RT @Hannah94733982: The world admirably reacted to what is happening in #Ukraine let the world now show a fraction of that same reaction toâ€¦
282,RT @VUWVideos: Look up these names! All the important #Nazis after WW2 were adopted by the US and then continued their hatred and dreams ofâ€¦
432,l'Afrique menacÃ©e d'une grave #criseAlimentaire mais le 1er cargo chargÃ© de maÃ¯s au dÃ©part d'#Ukraine Ã©tait destinÃ©â€¦ https://t.co/KYG6S948m0
368,RT @romanovich0512: #photography #art #Twitter #Nowar #sky #streetart #architecture #beauty #citylife #Europe #naturallandscape #life #travâ€¦
550,https://t.co/gGPVb3K8SH  #ukraine  #turkish  #ukrainian  #officials  #Ø±ÛŒØªÙˆÛŒÛŒØª Ù¾Ø±Ø¯Ø§Ø²Ù†Ø¯Ù‡ Ø¨Ø±Ù†Ø§Ù…Ù‡ Ù†ÙˆÛŒØ³ÛŒ
808,"RT @walter_report: Extremely heavy fighting continues near Pisky, Donetsk oblast, #Ukraine.

Despite overwhelming numbers of russian invadeâ€¦"
643,RT @CIJ_ICJ: PRESS RELEASE: the #UnitedKingdom files a declaration of intervention under Article 63 of the #ICJ Statute in the case concernâ€¦
420,RT @DKellyDerry: The West putting value on the lives of children in case they offend Israel is abhorrent. If Shmyhal and Zelenskyy see themâ€¦
845,"RT @AdaljizaM: HE Minister Magno participated in the 29th @ASEAN Regional Forum

The Minister delivered the exchange of views on emerging râ€¦"
212,#Russia #Ukraine #Serbia #Kosovo https://t.co/PgoZ0oOLxO
952,"RT @U_Tribune: russian death toll in Ukraine reaches 42,200

https://t.co/Rt1uhN4lVC

 #KIA #losses #russia #Ukraine #war https://t.co/sFYcâ€¦"
254,"Thread on #Ukraine. The coming counter-offensive against Russia's occupying forces is going to be stunning, and hopâ€¦ https://t.co/wSEjEJxEu7"
689,"RT @IBC24News: #Ukraine à¤¸à¥‡ à¤²à¥Œà¤Ÿà¥‡ à¤®à¥‡à¤¡à¤¿à¤•à¤² à¤¸à¥à¤Ÿà¥‚à¤¡à¥‡à¤‚à¤Ÿà¥à¤¸ à¤•à¤¾ à¤­à¤µà¤¿à¤·à¥à¤¯ à¤…à¤§à¤° à¤®à¥‡à¤‚ | à¤›à¤¾à¤¤à¥à¤° à¤ªà¤¹à¥à¤‚à¤šà¥‡ #CM, à¤¸à¥à¤µà¤¾à¤¸à¥à¤¥à¥à¤¯ à¤®à¤‚à¤¤à¥à¤°à¥€ à¤¸à¥‡ à¤®à¤¿à¤²à¤¨à¥‡ 

@INCChhattisgarh | @bhuâ€¦"
86,"RT @War_Gang_: Dobitny przykÅ‚ad skutecznoÅ›ci maÅ‚ych dronÃ³w.

8 ğŸ‡·ğŸ‡º Å¼oÅ‚nierzy zostaÅ‚o raÅ¼onych w tym ataku + plus zniszczony sprzÄ™t. Bardzo dâ€¦"
748,"#UkraineRussianWar #Ukraine #Russia

""The Times view on Amnesty Internationalâ€™s Ukraine report: Putinâ€™s Propagandisâ€¦ https://t.co/1l0MGX5tVb"
663,"ğŸ‡·ğŸ‡º ğŸ‡ªğŸ‡¬ ğŸ‡µğŸ‡¸ | L'ambassade de #Russie en #Ã‰gypte : 

""L'Occident est extrÃªmement prÃ©occupÃ© par la situation en #Ukraineâ€¦ https://t.co/G1MGXaK7B1"
318,"The Russian reality is, they'll have been paid a few extra rubles to make this pitiful propaganda video. Then they'â€¦ https://t.co/jbH7MFw171"
201,RT @idzpodpradpl: Ğ£ĞºÑ€Ğ°Ğ¸Ğ½ÑĞºĞ¸Ğ¹ ĞŸĞ°ÑÑ‚Ğ¾Ñ€ Ğ² ĞŸĞ¾Ğ»ÑŒÑˆĞµ: Ğ¿Ğ¾Ğ» Ğ³Ğ¾Ğ´Ğ° Ñ Ğ½Ğ°Ñ‡Ğ°Ğ»Ğ° Ğ²Ğ¾Ğ¹Ğ½Ñ‹. ğŸ‡ºğŸ‡¦ #IPPTV #Ukraine #UkraineRussiaWar #SlavaUkraini #PrayForUkraineâ€¦
784,RT @Tania_Bln: @DM1111111111 @apmassaro3 Tell us more about capturing #Ukraine within 3 days ğŸ¤£
58,RT @igorsushko: ğŸ§µ#Russian-occupied #ZaporizhzhiaNPP nuclear power plant in #Ukraine is on fire. Claims that nuclear material is safe and unâ€¦
29,"RT @Youssef_Hindi: Mon prochain article pour @strategikafr paraÃ®tra la semaine prochaine si Dieu veut. Une Ã©tude dont le titre sera :

""GUEâ€¦"
23,RT @UkieLenia: Claims of new Russian atrocity after gruesome image appears to show the head of a Ukrainian POW stuck on pole.    #Ukraine hâ€¦
63,"RT @DriurHCSchueler: #Ukraine will win the war.

#Putin will lose his dictatorship. 

https://t.co/z5seguY3dy"
544,"Zelensky :

à¸«à¸¥à¸²à¸¢à¸›à¸£à¸°à¹€à¸—à¸¨à¹ƒà¸™à¹‚à¸¥à¸à¸¡à¸µà¹€à¸„à¸£à¸·à¹ˆà¸­à¸‡à¸šà¸´à¸™à¸—à¸«à¸²à¸£à¹à¸¥à¸°à¸£à¸°à¸šà¸šà¸›à¹‰à¸­à¸‡à¸à¸±à¸™à¸ à¸±à¸¢à¸—à¸²à¸‡à¸­à¸²à¸à¸²à¸¨ à¹à¸•à¹ˆà¸¡à¸µà¹€à¸à¸µà¸¢à¸‡à¹„à¸¡à¹ˆà¸à¸µà¹ˆà¸›à¸£à¸°à¹€à¸—à¸¨à¹€à¸—à¹ˆà¸²à¸™à¸±à¹‰à¸™à¸—à¸µà¹ˆà¸¡à¸µà¹€à¸„à¸£à¸·à¹ˆà¸­à¸‡à¸šà¸´à¸™à¸—â€¦ https://t.co/N9MgPOPXwE"
17,RT @GlasnostGone: Bodies. Babies and mothers crying. Just in case anyone's tired of hearing about Russia's invasion of #Ukraine. https://t.â€¦
301,Lâ€™Ukraine cÃ©lÃ¨bre ses fermiers remorqueurs de chars russes avec un timbre #Ukraine #russie https://t.co/nJBXE8yQVr
975,"RT @nexta_tv: Pope Francis plans to visit #Ukraine soon, reports diplomat Andrii Yurash. https://t.co/BkUs0NibSm"
253,"RT @MFA_Ukraine: 1ï¸âƒ£6ï¸âƒ£5ï¸âƒ£ days of full-scale #Russiaâ€™s war on #Ukraine.

Information on #Russian invasion.
Losses of the Russian armed forâ€¦"
598,"+++ TOPINFO News Ticker: Mientras que estÃ© Ucrania en #GUERRA, EtiquetarÃ© todos mis tweets con #UCRANIA #Ğ£ĞºÑ€Ğ°Ñ—Ğ½Ğ° ğŸ‡ºğŸ‡¦â€¦ https://t.co/ECzPg220ur"
849,#Ukraine  #ØºØ²Ø©_ØªØ­Øª_Ø§Ù„Ù‚ØµÙ https://t.co/FL84K39vPD
509,"Î¤Î± ÎµÎ³ÎºÎ»Î®Î¼Î±Ï„Î± ÏƒÏ„Î·Î½ ÎŸÏ…ÎºÏÎ±Î½Î¯Î± ÏƒÏ…ÏƒÏƒÏ‰ÏÎµÏÎ¿Î½Ï„Î±Î¹
Î‘Î»Ï„ÏƒÎ­Ï†ÏƒÎº, Î›Î±ÏŠÎºÎ® Î”Î·Î¼Î¿ÎºÏÎ±Ï„Î¯Î± Ï„Î¿Ï… Î›Î¿Ï…Ï‡Î¬Î½ÏƒÎº, Ï€Î¿Î»Î¹Ï„Î¹ÎºÎ¬ ÎºÏ„Î¯ÏÎ¹Î± Ï€Î¿Ï… Î²Î¿Î¼Î²Î±ÏÎ´Î¯Î¶Î¿Î½Ï„Î±â€¦ https://t.co/oHVfShYYny"
190,RT @friendofrussia: @BBCWorld Russian? You mean #Ukraine strike...
252,"RT @doriremo05: Ğ©Ğµ Ğ¾Ğ´Ğ½Ğ° Ğ¿Ñ€ĞµĞºÑ€Ğ°ÑĞ½Ğ° Ğ´Ñ–Ğ²Ñ‡Ğ¸Ğ½Ğ° Ğ· Ğ›Ñ– Ğ®Ñ” #yunjin, Ğ²Ğ¸Ñ€Ñ–ÑˆĞ¸Ğ»Ğ° Ğ¾Ğ±Ğ¾Ğ²'ÑĞ·ĞºĞ¾Ğ²Ğ¾ Ğ´Ğ¾Ğ´Ğ°Ñ‚Ğ¸ Ğ´ĞµÑĞºÑ– ĞµĞ»ĞµĞ¼ĞµĞ½Ñ‚Ğ¸ Ğ¾Ğ´ÑĞ³Ñƒ Ğ´Ğ»Ñ ĞŸĞµĞºÑ–Ğ½ÑÑŒĞºĞ¾Ñ— Ğ¾Ğ¿ĞµÑ€Ğ¸

Ğ Ñ†ĞµĞ¹ Ğ¾Ñ‡Ñ–â€¦"
34,"RT @ContreAttaque_: #UKRAINE : LA PLUS GRANDE CENTRALE NUCLÃ‰AIRE D'EUROPE ENCORE TOUCHÃ‰E PAR DES TIRS

â€“ Â«L'humanitÃ© n'est qu'Ã  une erreurâ€¦"
120,RT @BlueYellowUKR: The @CBSNews report was filmed 8 weeks into the war. Things have changed. ANY info to be misused by certain entities inâ€¦
603,"@PalmerReport #gazaunderattack
#IsraeliTerrorism 
#IsraeliCrimes 
#Ukraine"
795,"RT @sharepaliyumusa: This is not #Ukraine! This is #Gaza Strip an hour ago!

#GazaUnderAttackk https://t.co/omvuAA7SIE"
115,"RT @YannBarte: - @amnesty fait la promotion du sexisme du #voile, dÃ©fend les terroristes du #Polisario, refuse de considÃ©rer #Navalny commeâ€¦"
839,"Glory to the Air Force of Ukraine!ğŸ‡ºğŸ‡¦ğŸŒ»â¤ï¸
#UkraineWillWin,#UkraineWar,#UkraineRussiaWar,#Ukrainians,#UkrainianArmy,â€¦ https://t.co/H45tgXRA78"
193,A Timelapse Video of the #Chernobyl Exclusion Zone in #Ukraine https://t.co/4d3JAl3GON Cool
149,"#odessa #odesa #ukraine #Ğ¾Ğ´ĞµÑÑĞ°
Now: 33.8Â°C
Today's Min: 23.5Â°C at 04:53:35
Today's Max: 33.8Â°C at 14:46:05
Month'sâ€¦ https://t.co/EUW15MzhRM"
391,RT @UAWeapons: #Ukraine: Ever heard of drone carpet bombing? We have all seen Ukrainian commercial drones dropping grenades or improvised mâ€¦
109,"RT @dieterschnaas: Es ist inzwischen restlos klar, dass #China sich mit allen Mitteln Ã¼ber den Mehrheitswillen der Menschen in #Taiwan hinwâ€¦"
408,RT @BenRyanMetzger: #NewMusic Video #Ukraine USA #Russia Song #Rock Pop SingerSongwriter Art Musician #CaptainAmerica Aquaman  https://t.coâ€¦
10,"RT @artemi_ecrit: BÃ¶se Kritik an Kim Jong-un: â€Der lÃ¤sst die Menschen frieren fÃ¼r die eigene RÃ¼stung!â€œ Ja, uns lÃ¤sst man frieren, damit manâ€¦"
378,"RT @NFSC_HAGnews: ğŸ”¥#Russia is trying to reconcile with #Ukraine ğŸ‘‰make the Chinese a scapegoat for its own wrongdoings.

ğŸ”¥CCP will stir up hâ€¦"
846,RT @HerryNapit: Russia-Ukraine war: A Russian TikTok soldier standing on landmines in Ukrainian landğŸ“¹ğŸ”¥ğŸ˜±ğŸ˜‚ #Russia #Rusia #Russian #Russie #Râ€¦
885,I read there was #Conscription. There should be a #PulizterPrizeWinning story about that. Most of the missingâ€¦ https://t.co/69duq3tFvw
300,"Long fil ğŸ§µ sur la question #Amnesty International et son rapport controversÃ© sur #Ukraine. 
Â«Â [â€¦] un rapport sans câ€¦ https://t.co/SZxZqh46FV"
159,"RT @dabeard: Putin sent these thousands of Russians to die in #Ukraine.
Their families are angry, but he made it a crime to question or criâ€¦"
644,"RT @UA_22_Ukraine: Chers #amnestyfinland
seuls lağŸ‡·ğŸ‡º &amp; les proPoutine appellent la guerre en #Ukraine 2014-2022 une guerre civile. Câ€™est touâ€¦"
478,"The UN warns of a ""nuclear catastrophe"" due to the shelling of the Zaporozhye nuclear power plant.#Ukraineâ€¦ https://t.co/3W1KN7ujHO"
562,"RT @CedricMas: #Ukraine 06/08 Point de situation 163e jour.
Pas de grands changements et des efforts RUS qui se sont rÃ©duits hier.
Ã€ noterâ€¦"
9,RT @Ukraine66251776: Zelensky sold 17 Million hectares of agricultural land in  #Ukraine to Dupont Cargill and Monsanto with large share hoâ€¦
683,RT @AlinaSopranoUA: The price of bread in Ukraine.ğŸ˜”ğŸ¥ºğŸ˜­ #russiaisaterrorisstate #Ukraine #UkraineRussianWar https://t.co/hoAhmdFK8P
125,"Glory to Ukraine!ğŸ‡ºğŸ‡¦Glory to the Heroes!ğŸŒ»â¤ï¸
#UkraineWillWin,#UkraineWar,#UkraineRussiaWar,#Ukrainians,#UkrainianArmyâ€¦ https://t.co/sFcPHf7z4R"
599,@Bundeskanzler @Siemens_Energy #Tag163 bisher nur wenige #SchwereWaffen aus #Deutschland in der #Ukraine eingetroffâ€¦ https://t.co/a2foV6CxUP
325,"RT @Valere_ia: #NorthKorea wants to test its attack drones in #Ukraine - have offered equipment and troops as 100,000 North
Korean soldiersâ€¦"
765,"@SpokespersonCHN @StateDept @USAmbChina Indian Modi media should stop propaganda on #China and #Taiwan issue,

Indiâ€¦ https://t.co/9k1FhuwBcE"
829,"Das russische MilitÃ¤r setzt seine Offensive im Osten der #Ukraine mit unverminderter HÃ¤rte fort.

https://t.co/ph4aTyU8G4"
757,"RT @SandroGlatzW: Assinado ğŸ–Œ O zagueiro Gabriel Nazario, do Figueirense, assinou um contrato de 3 anos com a equipe da UcrÃ¢nia, Vorskla. âš½ï¸â€¦"
241,RT @OlgaK2013: Anastasia Tereshyna is one of 82 women medics of the military hospital #555 in #Mariupol taken prisoners by the Russian forcâ€¦
710,"RT @Ukraine66251776: ""We are transitioning from an American egocentric world to a truly multi-polar world"" 
""The West attempt to impose itsâ€¦"
234,"RT @Renaultgek: Very rare clip from 1990 about all what's happening right now .
Must see !! ğŸ‘‡ğŸ»ğŸ‘‡ğŸ»ğŸ¤”
#NWO #GreatReset #Agenda2030 
#WEF 
@Simoâ€¦"
20,"RT @SofiOksanen: Dear @amnestyfinland, only Russia and pro-Putin -people call the war in Ukraine 2014-2022 a civil war. Itâ€™s just disgustinâ€¦"
940,"RT @PromoteUkraine: An eloquent poster from the action Â«#Olenivka is new OsvencimÂ» that took place yesterday in brave #Ukraine.

Ukrainiansâ€¦"
696,"Collection - Chornobryvtsi KarmenğŸ¶ğŸŒ±
Day 25ğŸ—“ï¸
0.39 #SOL 

https://t.co/eosdagVEDb

#NFT #NFTs #NFTartistâ€¦ https://t.co/ryGrwnjK3S"
896,An #atoll. I've had to live life MY WAY and not fuck it up because I see there's only #2choices in #life #yes orâ€¦ https://t.co/1KQO6YlrNA
593,"#Ukraine ?!
No, it is #Gaza .
Ok, back to sleep.

 https://t.co/3oNrn7gNJb"
992,"â€˜ğŸ‡ºğŸ‡¦â€™, 26 Feb. 2022, Geoart, #Tezos, by @MaxDrekker #Ukraine
https://t.co/CUB3eSVU6C"
475,"RT @Matt_VanDyke: Courageous Ukrainian soldiers being trained by Sons of Liberty International (SOLI) to fight Russian invaders.

A few weeâ€¦"
278,"RT @AliyefAli: This child was martyred by the Zionist army! Will we see the world like #Ukraine next to #Gaza?
What is the connection betweâ€¦"
576,"RT @_DeGabriak: Ğ¡Ğ»ÑƒÑˆĞ°Ğ¹Ñ‚Ğµ, Ğ·Ğ°ĞºĞ°Ğ½Ñ‡Ğ¸Ğ²Ğ°Ğ¹Ñ‚Ğµ ÑÑ€Ğ°Ğ²Ğ½Ğ¸Ğ²Ğ°Ñ‚ÑŒ Ğ˜Ğ·Ñ€Ğ°Ğ¸Ğ»ÑŒ Ğ¸ Ğ Ğ¾ÑÑĞ¸Ñ, Ñ Ğ²Ğ¾Ñ‚ Ñ‡Ñ‚Ğ¾-Ñ‚Ğ¾ Ğ½Ğµ Ğ¿Ñ€Ğ¸Ğ¿Ğ¾Ğ¼Ğ½Ñ, Ñ‡Ñ‚Ğ¾Ğ±Ñ‹ ĞŸĞ°Ğ»ĞµÑÑ‚Ğ¸Ğ½Ğ° Ğ±ĞµĞ³Ğ°Ğ»Ğ° Ğ¸ Ğ¾Ñ€Ğ°Ğ»Ğ° ""ĞµĞ²Ñ€ĞµÑ Ğ½Ğ° Ğ³Ğ¸Ğ»Ñâ€¦"
152,"IdÅº siÄ™ pieprzyÄ‡, Putin!
(Polish)

#RussianWarCrimes #StandWithUkraine #RussiaInvadedUkraine #Ukraine"
65,"RT @chehayebk: ğŸ‡±ğŸ‡§ğŸ‡ºğŸ‡¦ğŸš¢A ship bringing corn to #Lebanonâ€™s northern port of Tripoli normally would not cause a stir. 

But itâ€™s getting attentiâ€¦"
984,RT @Ukraine66251776: 100000 North Korean soldiers want to come and help Russian brothers fight the Nazis in #Ukraine. They will bring alongâ€¦
549,Akt terrorystyczny w #JeleniÃ³wce byÅ‚ operacjÄ… specjalnÄ… #Rosji przeciwko dostawom broni na #UkrainÄ™ - poinformowaÅ‚â€¦ https://t.co/tXo3tmAK4k
584,"RT @proudukraine: Strike ğŸ’¥

A bunch of ""good"" #Russians appeared ğŸ˜ˆ

#Ukraine #UkraineWillWin #russianinvasion https://t.co/iAAwx6fpcf"
821,RT @PatilSushmit: #BREAKING : #Russian air defense systems shot down eight #Ukrainian UAVs and intercepted one MLRS shell in the DPR and soâ€¦
582,"RT @innersea_art: ""Ğ¢Ğ¸ Ğ¶ Ñ…Ğ¾Ñ‚Ñ–Ğ² Ğ·ĞµĞ¼Ğ»Ñ– Ñ†Ñ–Ñ”Ñ—,
Ğ¢Ğ¾Ğ¶ Ñ‚ĞµĞ¿ĞµÑ€ Ğ·Ğ¼Ñ–ÑˆĞ°Ğ¹ÑÑ Ğ· Ğ½ĞµÑ.
Ğ¡Ñ‚Ğ°Ğ½ĞµÑˆ ÑĞ°Ğ¼ Ğ¼Ğ¾Ñ”Ñ Ğ·ĞµĞ¼Ğ»ĞµÑ. 
Ğ¡Ğ¿Ğ¸"". 

https://t.co/GrY0d6SAUu

#ÑƒĞºÑ€Ğ°Ñ€Ñ‚ #Ukraâ€¦"
